action_type,activity_comment,activity_id,activity_properties,assay_chembl_id,assay_description,assay_type,assay_variant_accession,assay_variant_mutation,bao_endpoint,bao_format,bao_label,canonical_smiles,data_validity_comment,data_validity_description,document_chembl_id,document_journal,document_year,ligand_efficiency,molecule_chembl_id,molecule_pref_name,parent_molecule_chembl_id,pchembl_value,potential_duplicate,qudt_units,record_id,relation,src_id,standard_flag,standard_relation,standard_text_value,standard_type,standard_units,standard_upper_value,standard_value,target_chembl_id,target_organism,target_pref_name,target_tax_id,text_value,toid,type,units,uo_units,upper_value,value
,,2490443,[],CHEMBL1029727,Inhibition of TIP60 in human HeLa cell extracts by ELISA,B,,,BAO_0000190,BAO_0000357,single protein format,C=CC/C=C\C/C=C\CCCCCCCc1cccc(O)c1C(=O)O,,,CHEMBL1143309,Bioorg Med Chem,2009.0,"{'bei': '14.73', 'le': '0.28', 'lle': '-1.00', 'sei': '8.77'}",CHEMBL455368,ANACARDIC ACID,CHEMBL455368,5.05,0,http://www.openphacts.org/units/Nanomolar,751610,=,1,1,=,,IC50,nM,,9000.0,CHEMBL5750,Homo sapiens,Histone acetyltransferase KAT5,9606,,,IC50,uM,UO_0000065,,9.0
,,2490445,[],CHEMBL1025546,Inhibition of recombinant Tip60 (1-513) expressed in Escherichia coli BL21 (DE3) by liquid scintillation,B,,,BAO_0000190,BAO_0000019,assay format,CC(=O)N[C@@H](CO)C(=O)NCC(=O)N[C@@H](CCCNC(=N)N)C(=O)NCC(=O)N[C@@H](CCCCNC(=O)CSCCNC(=O)CCNC(=O)[C@H](O)C(C)(C)COP(=O)(O)OP(=O)(O)OC[C@H]1O[C@@H](n2cnc3c(N)ncnc32)[C@H](O)[C@@H]1OP(=O)(O)O)C(=O)NCC(=O)NCC(=O)N[C@@H](CCCCN)C(=O)NCC(=O)N[C@@H](CC(C)C)C(=O)NCC(=O)N[C@@H](CCCCN)C(=O)NCC(=O)NCC(=O)N[C@@H](C)C(=O)N[C@@H](CCCCN)C(=O)N[C@@H](CCCNC(=N)N)C(=O)N[C@@H](Cc1cnc[nH]1)C(=O)N[C@@H](CCCNC(=N)N)C(=O)N[C@@H](CCCCN)C(=O)O,Outside typical range,"Values for this activity type are unusually large/small, so may not be accurate",CHEMBL1143309,Bioorg Med Chem,2009.0,,CHEMBL505605,,CHEMBL505605,,0,http://www.openphacts.org/units/Nanomolar,751498,=,1,1,=,,IC50,nM,,143350.0,CHEMBL5750,Homo sapiens,Histone acetyltransferase KAT5,9606,,,IC50,uM,UO_0000065,,143.35
,,2490449,[],CHEMBL1025546,Inhibition of recombinant Tip60 (1-513) expressed in Escherichia coli BL21 (DE3) by liquid scintillation,B,,,BAO_0000190,BAO_0000019,assay format,CC(=O)N[C@@H](CO)C(=O)NCC(=O)N[C@@H](CCCNC(=N)N)C(=O)NCC(=O)N[C@@H](CCCCN)C(=O)NCC(=O)NCC(=O)N[C@@H](CCCCNC(=O)CSCCNC(=O)CCNC(=O)[C@H](O)C(C)(C)COP(=O)(O)OP(=O)(O)OC[C@H]1O[C@@H](n2cnc3c(N)ncnc32)[C@H](O)[C@@H]1OP(=O)(O)O)C(=O)NCC(=O)N[C@@H](CC(C)C)C(=O)NCC(=O)N[C@@H](CCCCN)C(=O)NCC(=O)NCC(=O)N[C@@H](C)C(=O)N[C@@H](CCCCN)C(=O)N[C@@H](CCCNC(=N)N)C(=O)N[C@@H](Cc1cnc[nH]1)C(=O)N[C@@H](CCCNC(=N)N)C(=O)N[C@@H](CCCCN)C(=O)O,Outside typical range,"Values for this activity type are unusually large/small, so may not be accurate",CHEMBL1143309,Bioorg Med Chem,2009.0,,CHEMBL448227,,CHEMBL448227,,0,http://www.openphacts.org/units/Nanomolar,751499,=,1,1,=,,IC50,nM,,111700.0,CHEMBL5750,Homo sapiens,Histone acetyltransferase KAT5,9606,,,IC50,uM,UO_0000065,,111.7
,,2490453,[],CHEMBL1025546,Inhibition of recombinant Tip60 (1-513) expressed in Escherichia coli BL21 (DE3) by liquid scintillation,B,,,BAO_0000190,BAO_0000019,assay format,CC(=O)N[C@@H](CO)C(=O)NCC(=O)N[C@@H](CCCNC(=N)N)C(=O)NCC(=O)N[C@@H](CCCCN)C(=O)NCC(=O)NCC(=O)N[C@@H](CCCCN)C(=O)NCC(=O)N[C@@H](CC(C)C)C(=O)NCC(=O)N[C@@H](CCCCNC(=O)CSCCNC(=O)CCNC(=O)[C@H](O)C(C)(C)COP(=O)(O)OP(=O)(O)OC[C@H]1O[C@@H](n2cnc3c(N)ncnc32)[C@H](O)[C@@H]1OP(=O)(O)O)C(=O)NCC(=O)NCC(=O)N[C@@H](C)C(=O)N[C@@H](CCCCN)C(=O)N[C@@H](CCCNC(=N)N)C(=O)N[C@@H](Cc1cnc[nH]1)C(=O)N[C@@H](CCCNC(=N)N)C(=O)N[C@@H](CCCCN)C(=O)O,,,CHEMBL1143309,Bioorg Med Chem,2009.0,"{'bei': '1.61', 'le': None, 'lle': None, 'sei': None}",CHEMBL500256,,CHEMBL500256,4.59,0,http://www.openphacts.org/units/Nanomolar,751500,=,1,1,=,,IC50,nM,,25870.0,CHEMBL5750,Homo sapiens,Histone acetyltransferase KAT5,9606,,,IC50,uM,UO_0000065,,25.87
,,2490457,[],CHEMBL1025546,Inhibition of recombinant Tip60 (1-513) expressed in Escherichia coli BL21 (DE3) by liquid scintillation,B,,,BAO_0000190,BAO_0000019,assay format,CC(=O)N[C@@H](CO)C(=O)NCC(=O)N[C@@H](CCCNC(=N)N)C(=O)NCC(=O)N[C@@H](CCCCN)C(=O)NCC(=O)NCC(=O)N[C@@H](CCCCN)C(=O)NCC(=O)N[C@@H](CC(C)C)C(=O)NCC(=O)N[C@@H](CCCCN)C(=O)NCC(=O)NCC(=O)N[C@@H](C)C(=O)N[C@@H](CCCCNC(=O)CSCCNC(=O)CCNC(=O)[C@H](O)C(C)(C)COP(=O)(O)OP(=O)(O)OC[C@H]1O[C@@H](n2cnc3c(N)ncnc32)[C@H](O)[C@@H]1OP(=O)(O)O)C(=O)N[C@@H](CCCNC(=N)N)C(=O)N[C@@H](Cc1cnc[nH]1)C(=O)N[C@@H](CCCNC(=N)N)C(=O)N[C@@H](CCCCN)C(=O)O,,,CHEMBL1143309,Bioorg Med Chem,2009.0,"{'bei': '1.68', 'le': None, 'lle': None, 'sei': None}",CHEMBL504265,,CHEMBL504265,4.76,0,http://www.openphacts.org/units/Nanomolar,751501,=,1,1,=,,IC50,nM,,17300.0,CHEMBL5750,Homo sapiens,Histone acetyltransferase KAT5,9606,,,IC50,uM,UO_0000065,,17.3
,,2490461,[],CHEMBL1025546,Inhibition of recombinant Tip60 (1-513) expressed in Escherichia coli BL21 (DE3) by liquid scintillation,B,,,BAO_0000190,BAO_0000019,assay format,CC(=O)N[C@@H](CO)C(=O)NCC(=O)N[C@@H](CCCNC(=N)N)C(=O)NCC(=O)N[C@@H](CCCCNC(=O)CSCCNC(=O)CCNC(=O)[C@H](O)C(C)(C)COP(=O)(O)OP(=O)(O)OC[C@H]1O[C@@H](n2cnc3c(N)ncnc32)[C@H](O)[C@@H]1OP(=O)(O)O)C(=O)N[C@@H](CCC(N)=O)C(=O)NCC(=O)NCC(=O)N[C@@H](CCCCN)C(=O)N[C@@H](C)C(=O)N[C@@H](CCCNC(=N)N)C(=O)N[C@@H](C)C(=O)N[C@@H](CCCCN)C(=O)N[C@@H](C)C(=O)N[C@@H](CCCCN)C(=O)N[C@H](C(=O)N[C@@H](CCCNC(=N)N)C(=O)N[C@@H](CO)C(=O)N[C@@H](CO)C(=O)N[C@@H](CCCNC(=N)N)C(=O)N[C@@H](C)C(=O)O)[C@H](C)O,,,CHEMBL1143309,Bioorg Med Chem,2009.0,"{'bei': '1.56', 'le': None, 'lle': None, 'sei': None}",CHEMBL509144,,CHEMBL509144,4.68,0,http://www.openphacts.org/units/Nanomolar,751502,=,1,1,=,,IC50,nM,,20910.0,CHEMBL5750,Homo sapiens,Histone acetyltransferase KAT5,9606,,,IC50,uM,UO_0000065,,20.91
,,2490465,[],CHEMBL1025546,Inhibition of recombinant Tip60 (1-513) expressed in Escherichia coli BL21 (DE3) by liquid scintillation,B,,,BAO_0000190,BAO_0000019,assay format,CC(=O)N[C@@H](C)C(=O)N[C@@H](CCCNC(=N)N)C(=O)N[C@H](C(=O)N[C@@H](CCCCN)C(=O)N[C@@H](CCC(N)=O)C(=O)N[C@H](C(=O)N[C@@H](C)C(=O)N[C@@H](CCCNC(=N)N)C(=O)N[C@@H](CCCCN)C(=O)N[C@@H](CO)C(=O)N[C@H](C(=O)NCC(=O)NCC(=O)N[C@@H](CCCCNC(=O)CSCCNC(=O)CCNC(=O)[C@H](O)C(C)(C)COP(=O)(O)OP(=O)(O)OC[C@H]1O[C@@H](n2cnc3c(N)ncnc32)[C@H](O)[C@@H]1OP(=O)(O)O)C(=O)N[C@@H](C)C(=O)N1CCC[C@H]1C(=O)N[C@@H](CCCNC(=N)N)C(=O)N[C@@H](CCCCN)C(=O)N[C@@H](CCC(N)=O)C(=O)N[C@@H](CC(C)C)C(=O)O)[C@@H](C)O)[C@@H](C)O)[C@@H](C)O,,,CHEMBL1143309,Bioorg Med Chem,2009.0,"{'bei': '1.35', 'le': None, 'lle': None, 'sei': None}",CHEMBL526343,,CHEMBL526343,4.10,0,http://www.openphacts.org/units/Nanomolar,751496,=,1,1,=,,IC50,nM,,79620.0,CHEMBL5750,Homo sapiens,Histone acetyltransferase KAT5,9606,,,IC50,uM,UO_0000065,,79.62
,,2490469,[],CHEMBL1025546,Inhibition of recombinant Tip60 (1-513) expressed in Escherichia coli BL21 (DE3) by liquid scintillation,B,,,BAO_0000190,BAO_0000019,assay format,CC(=O)N[C@@H](CCCCNC(=O)CSCCNC(=O)CCNC(=O)[C@H](O)C(C)(C)COP(=O)(O)OP(=O)(O)OC[C@H]1O[C@@H](n2cnc3c(N)ncnc32)[C@H](O)[C@@H]1OP(=O)(O)O)C(N)=O,,,CHEMBL1143309,Bioorg Med Chem,2009.0,"{'bei': '4.55', 'le': '0.10', 'lle': '7.12', 'sei': '1.01'}",CHEMBL505121,,CHEMBL505121,4.53,0,http://www.openphacts.org/units/Nanomolar,751503,=,1,1,=,,IC50,nM,,29750.0,CHEMBL5750,Homo sapiens,Histone acetyltransferase KAT5,9606,,,IC50,uM,UO_0000065,,29.75
,,2490473,[],CHEMBL1025546,Inhibition of recombinant Tip60 (1-513) expressed in Escherichia coli BL21 (DE3) by liquid scintillation,B,,,BAO_0000190,BAO_0000019,assay format,C=CC/C=C\C/C=C\CCCCCCCc1cccc(O)c1C(=O)O,Outside typical range,"Values for this activity type are unusually large/small, so may not be accurate",CHEMBL1143309,Bioorg Med Chem,2009.0,,CHEMBL455368,ANACARDIC ACID,CHEMBL455368,,0,http://www.openphacts.org/units/Nanomolar,751610,=,1,1,=,,IC50,nM,,374590.0,CHEMBL5750,Homo sapiens,Histone acetyltransferase KAT5,9606,,,IC50,uM,UO_0000065,,374.59
,,2490477,[],CHEMBL1025546,Inhibition of recombinant Tip60 (1-513) expressed in Escherichia coli BL21 (DE3) by liquid scintillation,B,,,BAO_0000190,BAO_0000019,assay format,COc1cc(/C=C/C(=O)/C=C(O)/C=C/c2ccc(O)c(OC)c2)ccc1O,Outside typical range,"Values for this activity type are unusually large/small, so may not be accurate",CHEMBL1143309,Bioorg Med Chem,2009.0,,CHEMBL116438,CURCUMIN,CHEMBL116438,,0,http://www.openphacts.org/units/Nanomolar,751611,>,1,1,>,,IC50,nM,,200000.0,CHEMBL5750,Homo sapiens,Histone acetyltransferase KAT5,9606,,,IC50,uM,UO_0000065,,200.0
,,2490483,[],CHEMBL1025546,Inhibition of recombinant Tip60 (1-513) expressed in Escherichia coli BL21 (DE3) by liquid scintillation,B,,,BAO_0000190,BAO_0000019,assay format,CC(C)(COP(=O)(O)OP(=O)(O)OC[C@H]1O[C@@H](n2cnc3c(N)ncnc32)[C@H](O)[C@@H]1OP(=O)(O)O)[C@@H](O)C(=O)NCCC(=O)NCCS,,,CHEMBL1143309,Bioorg Med Chem,2009.0,"{'bei': '5.32', 'le': '0.12', 'lle': '5.75', 'sei': '1.18'}",CHEMBL1213327,COENZYME_A,CHEMBL1213327,4.08,0,http://www.openphacts.org/units/Nanomolar,751497,=,1,1,=,,IC50,nM,,82270.0,CHEMBL5750,Homo sapiens,Histone acetyltransferase KAT5,9606,,,IC50,uM,UO_0000065,,82.27
,,7994817,[],CHEMBL1938099,Inhibition of His-tagged human recombinant Tip60 expressed in Escherichia coli BL21(DE3) cells using [14C]Ac-AoA and histone H4 as substrate at 200 uM after 5 mins by scintillation counting,B,,,BAO_0000201,BAO_0000219,cell-based format,CC(C)CCCC(C)CCOc1ccc(CCc2cccc(O)c2C(=O)O)cc1,,,CHEMBL1933039,Eur J Med Chem,2012.0,,CHEMBL1934597,,CHEMBL1934597,,0,http://qudt.org/vocab/unit#Percent,1568630,>,1,1,>,,Inhibition,%,,76.0,CHEMBL5750,Homo sapiens,Histone acetyltransferase KAT5,9606,,,INH,%,UO_0000187,,76.0
,Active,7994818,[],CHEMBL1938099,Inhibition of His-tagged human recombinant Tip60 expressed in Escherichia coli BL21(DE3) cells using [14C]Ac-AoA and histone H4 as substrate at 200 uM after 5 mins by scintillation counting,B,,,BAO_0000201,BAO_0000219,cell-based format,COCCOc1ccc(CCc2cccc(O)c2C(=O)O)cc1,,,CHEMBL1933039,Eur J Med Chem,2012.0,,CHEMBL1934598,,CHEMBL1934598,,0,http://qudt.org/vocab/unit#Percent,1568631,,1,0,,,Inhibition,%,,,CHEMBL5750,Homo sapiens,Histone acetyltransferase KAT5,9606,,,INH,,UO_0000187,,
,,7994819,[],CHEMBL1938099,Inhibition of His-tagged human recombinant Tip60 expressed in Escherichia coli BL21(DE3) cells using [14C]Ac-AoA and histone H4 as substrate at 200 uM after 5 mins by scintillation counting,B,,,BAO_0000201,BAO_0000219,cell-based format,CCCCCOc1ccc(CCc2cccc(O)c2C(=O)O)cc1C(C)=O,,,CHEMBL1933039,Eur J Med Chem,2012.0,,CHEMBL1934599,,CHEMBL1934599,,0,http://qudt.org/vocab/unit#Percent,1568632,>,1,1,>,,Inhibition,%,,76.0,CHEMBL5750,Homo sapiens,Histone acetyltransferase KAT5,9606,,,INH,%,UO_0000187,,76.0
,Active,7994820,[],CHEMBL1938099,Inhibition of His-tagged human recombinant Tip60 expressed in Escherichia coli BL21(DE3) cells using [14C]Ac-AoA and histone H4 as substrate at 200 uM after 5 mins by scintillation counting,B,,,BAO_0000201,BAO_0000219,cell-based format,CCCCCOc1ccc(CCc2cccc(O)c2C(=O)O)cc1C(C)O,,,CHEMBL1933039,Eur J Med Chem,2012.0,,CHEMBL1934600,,CHEMBL1934600,,0,http://qudt.org/vocab/unit#Percent,1568633,,1,0,,,Inhibition,%,,,CHEMBL5750,Homo sapiens,Histone acetyltransferase KAT5,9606,,,INH,,UO_0000187,,
,,7994821,[],CHEMBL1938099,Inhibition of His-tagged human recombinant Tip60 expressed in Escherichia coli BL21(DE3) cells using [14C]Ac-AoA and histone H4 as substrate at 200 uM after 5 mins by scintillation counting,B,,,BAO_0000201,BAO_0000219,cell-based format,C=CC/C=C\C/C=C\CCCCCCCc1cccc(O)c1C(=O)O,,,CHEMBL1933039,Eur J Med Chem,2012.0,,CHEMBL455368,ANACARDIC ACID,CHEMBL455368,,0,http://qudt.org/vocab/unit#Percent,1568638,>,1,1,>,,Inhibition,%,,76.0,CHEMBL5750,Homo sapiens,Histone acetyltransferase KAT5,9606,,,INH,%,UO_0000187,,76.0
,,7994822,[],CHEMBL1938099,Inhibition of His-tagged human recombinant Tip60 expressed in Escherichia coli BL21(DE3) cells using [14C]Ac-AoA and histone H4 as substrate at 200 uM after 5 mins by scintillation counting,B,,,BAO_0000201,BAO_0000219,cell-based format,CCCCCCCCCCc1cccc(O)c1C(=O)O,,,CHEMBL1933039,Eur J Med Chem,2012.0,,CHEMBL416038,,CHEMBL416038,,0,http://qudt.org/vocab/unit#Percent,1568639,>,1,1,>,,Inhibition,%,,76.0,CHEMBL5750,Homo sapiens,Histone acetyltransferase KAT5,9606,,,INH,%,UO_0000187,,76.0
,,7994823,[],CHEMBL1938099,Inhibition of His-tagged human recombinant Tip60 expressed in Escherichia coli BL21(DE3) cells using [14C]Ac-AoA and histone H4 as substrate at 200 uM after 5 mins by scintillation counting,B,,,BAO_0000201,BAO_0000219,cell-based format,CCCCCCCCCCCCCCCc1cc(O)cc(O)c1C(=O)O,,,CHEMBL1933039,Eur J Med Chem,2012.0,,CHEMBL1214672,,CHEMBL1214672,,0,http://qudt.org/vocab/unit#Percent,1568640,>,1,1,>,,Inhibition,%,,76.0,CHEMBL5750,Homo sapiens,Histone acetyltransferase KAT5,9606,,,INH,%,UO_0000187,,76.0
,,7994824,[],CHEMBL1938099,Inhibition of His-tagged human recombinant Tip60 expressed in Escherichia coli BL21(DE3) cells using [14C]Ac-AoA and histone H4 as substrate at 200 uM after 5 mins by scintillation counting,B,,,BAO_0000201,BAO_0000219,cell-based format,CCCCCCCCCCc1cc(O)cc(O)c1C(=O)O,,,CHEMBL1933039,Eur J Med Chem,2012.0,,CHEMBL1214673,,CHEMBL1214673,,0,http://qudt.org/vocab/unit#Percent,1568641,>,1,1,>,,Inhibition,%,,76.0,CHEMBL5750,Homo sapiens,Histone acetyltransferase KAT5,9606,,,INH,%,UO_0000187,,76.0
,,7994825,[],CHEMBL1938099,Inhibition of His-tagged human recombinant Tip60 expressed in Escherichia coli BL21(DE3) cells using [14C]Ac-AoA and histone H4 as substrate at 200 uM after 5 mins by scintillation counting,B,,,BAO_0000201,BAO_0000219,cell-based format,CCCCCCCc1ccc(CCc2cccc(O)c2C(=O)O)cc1,,,CHEMBL1933039,Eur J Med Chem,2012.0,,CHEMBL1215739,,CHEMBL1215739,,0,http://qudt.org/vocab/unit#Percent,1568642,=,1,1,=,,Inhibition,%,,88.0,CHEMBL5750,Homo sapiens,Histone acetyltransferase KAT5,9606,,,INH,%,UO_0000187,,88.0
,,7994840,[],CHEMBL1938102,Inhibition of human recombinant His-tagged Tip60 expressed in Escherichia coli BL21(DE3) cells using [14C]Ac-AoA and histone H4 as substrate after 5 mins by scintillation counting,B,,,BAO_0000190,BAO_0000219,cell-based format,C=CC/C=C\C/C=C\CCCCCCCc1cccc(O)c1C(=O)O,,,CHEMBL1933039,Eur J Med Chem,2012.0,"{'bei': '12.25', 'le': '0.23', 'lle': '-1.86', 'sei': '7.29'}",CHEMBL455368,ANACARDIC ACID,CHEMBL455368,4.19,0,http://www.openphacts.org/units/Nanomolar,1568638,=,1,1,=,,IC50,nM,,64000.0,CHEMBL5750,Homo sapiens,Histone acetyltransferase KAT5,9606,,,IC50,uM,UO_0000065,,64.0
,,7994841,[],CHEMBL1938102,Inhibition of human recombinant His-tagged Tip60 expressed in Escherichia coli BL21(DE3) cells using [14C]Ac-AoA and histone H4 as substrate after 5 mins by scintillation counting,B,,,BAO_0000190,BAO_0000219,cell-based format,CCCCCCCc1ccc(CCc2cccc(O)c2C(=O)O)cc1,,,CHEMBL1933039,Eur J Med Chem,2012.0,"{'bei': '12.13', 'le': '0.23', 'lle': '-1.26', 'sei': '7.18'}",CHEMBL1215739,,CHEMBL1215739,4.13,0,http://www.openphacts.org/units/Nanomolar,1568642,=,1,1,=,,IC50,nM,,74000.0,CHEMBL5750,Homo sapiens,Histone acetyltransferase KAT5,9606,,,IC50,uM,UO_0000065,,74.0
,,7994848,[],CHEMBL1938107,Competitive inhibition of human recombinant His-tagged Tip60 expressed in Escherichia coli BL21(DE3) cells by Michaelis-Menten equation in presence of Acetyl CoA,B,,,BAO_0000179,BAO_0000219,cell-based format,CCCCCCCc1ccc(CCc2cccc(O)c2C(=O)O)cc1,,,CHEMBL1933039,Eur J Med Chem,2012.0,,CHEMBL1215739,,CHEMBL1215739,,0,http://www.openphacts.org/units/Micromolar,1568642,=,1,0,=,,Kis,uM,,54.0,CHEMBL5750,Homo sapiens,Histone acetyltransferase KAT5,9606,,,Kis,uM,UO_0000064,,54.0
,,7994849,[],CHEMBL1938107,Competitive inhibition of human recombinant His-tagged Tip60 expressed in Escherichia coli BL21(DE3) cells by Michaelis-Menten equation in presence of Acetyl CoA,B,,,BAO_0000179,BAO_0000219,cell-based format,CCCCCCCc1ccc(CCc2cccc(O)c2C(=O)O)cc1,,,CHEMBL1933039,Eur J Med Chem,2012.0,,CHEMBL1215739,,CHEMBL1215739,,0,http://www.openphacts.org/units/Micromolar,1568642,=,1,0,=,,Kii,uM,,572.0,CHEMBL5750,Homo sapiens,Histone acetyltransferase KAT5,9606,,,Kii,uM,UO_0000064,,572.0
,,7994850,[],CHEMBL1938108,Uncompetitive inhibition of human recombinant His-tagged Tip60 expressed in Escherichia coli BL21(DE3) cells by Michaelis-Menten equation in presence of peptide substrate H4,B,,,BAO_0000179,BAO_0000219,cell-based format,CCCCCCCc1ccc(CCc2cccc(O)c2C(=O)O)cc1,,,CHEMBL1933039,Eur J Med Chem,2012.0,,CHEMBL1215739,,CHEMBL1215739,,0,http://www.openphacts.org/units/Micromolar,1568642,>,1,0,>,,Kis,uM,,660.0,CHEMBL5750,Homo sapiens,Histone acetyltransferase KAT5,9606,,,Kis,uM,UO_0000064,,660.0
,,7994851,[],CHEMBL1938108,Uncompetitive inhibition of human recombinant His-tagged Tip60 expressed in Escherichia coli BL21(DE3) cells by Michaelis-Menten equation in presence of peptide substrate H4,B,,,BAO_0000179,BAO_0000219,cell-based format,CCCCCCCc1ccc(CCc2cccc(O)c2C(=O)O)cc1,,,CHEMBL1933039,Eur J Med Chem,2012.0,,CHEMBL1215739,,CHEMBL1215739,,0,http://www.openphacts.org/units/Micromolar,1568642,=,1,0,=,,Kii,uM,,78.0,CHEMBL5750,Homo sapiens,Histone acetyltransferase KAT5,9606,,,Kii,uM,UO_0000064,,78.0
,,7994852,[],CHEMBL1938109,Inhibition of Tip60-mediated histone H3 acetylation in human HeLa nuclear extracts at 200 uM after 15 mins by ELISA,B,,,BAO_0000201,BAO_0000357,single protein format,CC(C)CCCC(C)CCOc1ccc(CCc2cccc(O)c2C(=O)O)cc1,,,CHEMBL1933039,Eur J Med Chem,2012.0,,CHEMBL1934597,,CHEMBL1934597,,0,http://qudt.org/vocab/unit#Percent,1568630,>,1,1,>,,Inhibition,%,,50.0,CHEMBL5750,Homo sapiens,Histone acetyltransferase KAT5,9606,,,INH,%,UO_0000187,,50.0
,,7994853,[],CHEMBL1938109,Inhibition of Tip60-mediated histone H3 acetylation in human HeLa nuclear extracts at 200 uM after 15 mins by ELISA,B,,,BAO_0000201,BAO_0000357,single protein format,CCCCCOc1ccc(CCc2cccc(O)c2C(=O)O)cc1C(C)=O,,,CHEMBL1933039,Eur J Med Chem,2012.0,,CHEMBL1934599,,CHEMBL1934599,,0,http://qudt.org/vocab/unit#Percent,1568632,>,1,1,>,,Inhibition,%,,50.0,CHEMBL5750,Homo sapiens,Histone acetyltransferase KAT5,9606,,,INH,%,UO_0000187,,50.0
,,7994854,[],CHEMBL1938109,Inhibition of Tip60-mediated histone H3 acetylation in human HeLa nuclear extracts at 200 uM after 15 mins by ELISA,B,,,BAO_0000201,BAO_0000357,single protein format,CCCCCCCOc1ccc(CCc2cccc(O)c2C(=O)O)cc1C(C)=O,,,CHEMBL1933039,Eur J Med Chem,2012.0,,CHEMBL1934601,,CHEMBL1934601,,0,http://qudt.org/vocab/unit#Percent,1568634,>,1,1,>,,Inhibition,%,,50.0,CHEMBL5750,Homo sapiens,Histone acetyltransferase KAT5,9606,,,INH,%,UO_0000187,,50.0
,,7994855,[],CHEMBL1938109,Inhibition of Tip60-mediated histone H3 acetylation in human HeLa nuclear extracts at 200 uM after 15 mins by ELISA,B,,,BAO_0000201,BAO_0000357,single protein format,CCCCCCCCCCCCCC#Cc1ccccc1C(=O)OC,,,CHEMBL1933039,Eur J Med Chem,2012.0,,CHEMBL1934602,,CHEMBL1934602,,0,http://qudt.org/vocab/unit#Percent,1568635,>,1,1,>,,Inhibition,%,,50.0,CHEMBL5750,Homo sapiens,Histone acetyltransferase KAT5,9606,,,INH,%,UO_0000187,,50.0
,,7994856,[],CHEMBL1938109,Inhibition of Tip60-mediated histone H3 acetylation in human HeLa nuclear extracts at 200 uM after 15 mins by ELISA,B,,,BAO_0000201,BAO_0000357,single protein format,CCCCCCCCCCCCCCCc1ccccc1C(=O)O,,,CHEMBL1933039,Eur J Med Chem,2012.0,,CHEMBL1934603,,CHEMBL1934603,,0,http://qudt.org/vocab/unit#Percent,1568636,>,1,1,>,,Inhibition,%,,50.0,CHEMBL5750,Homo sapiens,Histone acetyltransferase KAT5,9606,,,INH,%,UO_0000187,,50.0
,,7994857,[],CHEMBL1938109,Inhibition of Tip60-mediated histone H3 acetylation in human HeLa nuclear extracts at 200 uM after 15 mins by ELISA,B,,,BAO_0000201,BAO_0000357,single protein format,C=CC/C=C\C/C=C\CCCCCCCc1cccc(O)c1C(=O)O,,,CHEMBL1933039,Eur J Med Chem,2012.0,,CHEMBL455368,ANACARDIC ACID,CHEMBL455368,,0,http://qudt.org/vocab/unit#Percent,1568638,>,1,1,>,,Inhibition,%,,50.0,CHEMBL5750,Homo sapiens,Histone acetyltransferase KAT5,9606,,,INH,%,UO_0000187,,50.0
,,7994858,[],CHEMBL1938109,Inhibition of Tip60-mediated histone H3 acetylation in human HeLa nuclear extracts at 200 uM after 15 mins by ELISA,B,,,BAO_0000201,BAO_0000357,single protein format,CCCCCCCCCCc1cccc(O)c1C(=O)O,,,CHEMBL1933039,Eur J Med Chem,2012.0,,CHEMBL416038,,CHEMBL416038,,0,http://qudt.org/vocab/unit#Percent,1568639,>,1,1,>,,Inhibition,%,,50.0,CHEMBL5750,Homo sapiens,Histone acetyltransferase KAT5,9606,,,INH,%,UO_0000187,,50.0
,,7994859,[],CHEMBL1938109,Inhibition of Tip60-mediated histone H3 acetylation in human HeLa nuclear extracts at 200 uM after 15 mins by ELISA,B,,,BAO_0000201,BAO_0000357,single protein format,CCCCCCCCCCCCCCCc1cc(O)cc(O)c1C(=O)O,,,CHEMBL1933039,Eur J Med Chem,2012.0,,CHEMBL1214672,,CHEMBL1214672,,0,http://qudt.org/vocab/unit#Percent,1568640,>,1,1,>,,Inhibition,%,,50.0,CHEMBL5750,Homo sapiens,Histone acetyltransferase KAT5,9606,,,INH,%,UO_0000187,,50.0
,,7994860,[],CHEMBL1938109,Inhibition of Tip60-mediated histone H3 acetylation in human HeLa nuclear extracts at 200 uM after 15 mins by ELISA,B,,,BAO_0000201,BAO_0000357,single protein format,CCCCCCCCCCc1cc(O)cc(O)c1C(=O)O,,,CHEMBL1933039,Eur J Med Chem,2012.0,,CHEMBL1214673,,CHEMBL1214673,,0,http://qudt.org/vocab/unit#Percent,1568641,>,1,1,>,,Inhibition,%,,50.0,CHEMBL5750,Homo sapiens,Histone acetyltransferase KAT5,9606,,,INH,%,UO_0000187,,50.0
,,7994861,[],CHEMBL1938109,Inhibition of Tip60-mediated histone H3 acetylation in human HeLa nuclear extracts at 200 uM after 15 mins by ELISA,B,,,BAO_0000201,BAO_0000357,single protein format,CCCCCCCc1ccc(CCc2cccc(O)c2C(=O)O)cc1,,,CHEMBL1933039,Eur J Med Chem,2012.0,,CHEMBL1215739,,CHEMBL1215739,,0,http://qudt.org/vocab/unit#Percent,1568642,>,1,1,>,,Inhibition,%,,50.0,CHEMBL5750,Homo sapiens,Histone acetyltransferase KAT5,9606,,,INH,%,UO_0000187,,50.0
,,7994862,[],CHEMBL1938109,Inhibition of Tip60-mediated histone H3 acetylation in human HeLa nuclear extracts at 200 uM after 15 mins by ELISA,B,,,BAO_0000201,BAO_0000357,single protein format,CCCCCOc1ccc(/C=C\c2cccc(O)c2C(=O)O)cc1,,,CHEMBL1933039,Eur J Med Chem,2012.0,,CHEMBL1214674,,CHEMBL1214674,,0,http://qudt.org/vocab/unit#Percent,1568643,>,1,1,>,,Inhibition,%,,50.0,CHEMBL5750,Homo sapiens,Histone acetyltransferase KAT5,9606,,,INH,%,UO_0000187,,50.0
,,7994863,[],CHEMBL1938109,Inhibition of Tip60-mediated histone H3 acetylation in human HeLa nuclear extracts at 200 uM after 15 mins by ELISA,B,,,BAO_0000201,BAO_0000357,single protein format,CCCCCOc1ccc(CCc2cccc(O)c2C(=O)O)cc1,,,CHEMBL1933039,Eur J Med Chem,2012.0,,CHEMBL1215740,,CHEMBL1215740,,0,http://qudt.org/vocab/unit#Percent,1568644,>,1,1,>,,Inhibition,%,,50.0,CHEMBL5750,Homo sapiens,Histone acetyltransferase KAT5,9606,,,INH,%,UO_0000187,,50.0
,,7994864,[],CHEMBL1938109,Inhibition of Tip60-mediated histone H3 acetylation in human HeLa nuclear extracts at 200 uM after 15 mins by ELISA,B,,,BAO_0000201,BAO_0000357,single protein format,CCCCCCCCCCCCCCOc1ccc(CCc2cccc(O)c2C(=O)O)cc1,,,CHEMBL1933039,Eur J Med Chem,2012.0,,CHEMBL1934605,,CHEMBL1934605,,0,http://qudt.org/vocab/unit#Percent,1568645,>,1,1,>,,Inhibition,%,,50.0,CHEMBL5750,Homo sapiens,Histone acetyltransferase KAT5,9606,,,INH,%,UO_0000187,,50.0
,Active,7994865,[],CHEMBL1938110,Inhibition of Tip60-mediated histone H3 acetylation in human HeLa nuclear extracts at 50 uM after 15 mins by ELISA,B,,,BAO_0000201,BAO_0000357,single protein format,CC(C)CCCC(C)CCOc1ccc(CCc2cccc(O)c2C(=O)O)cc1,,,CHEMBL1933039,Eur J Med Chem,2012.0,,CHEMBL1934597,,CHEMBL1934597,,0,http://qudt.org/vocab/unit#Percent,1568630,,1,0,,,Inhibition,%,,,CHEMBL5750,Homo sapiens,Histone acetyltransferase KAT5,9606,,,INH,,UO_0000187,,
,Active,7994866,[],CHEMBL1938110,Inhibition of Tip60-mediated histone H3 acetylation in human HeLa nuclear extracts at 50 uM after 15 mins by ELISA,B,,,BAO_0000201,BAO_0000357,single protein format,CCCCCCCOc1ccc(CCc2cccc(O)c2C(=O)O)cc1C(C)=O,,,CHEMBL1933039,Eur J Med Chem,2012.0,,CHEMBL1934601,,CHEMBL1934601,,0,http://qudt.org/vocab/unit#Percent,1568634,,1,0,,,Inhibition,%,,,CHEMBL5750,Homo sapiens,Histone acetyltransferase KAT5,9606,,,INH,,UO_0000187,,
,Active,7994867,[],CHEMBL1938110,Inhibition of Tip60-mediated histone H3 acetylation in human HeLa nuclear extracts at 50 uM after 15 mins by ELISA,B,,,BAO_0000201,BAO_0000357,single protein format,CCCCCCCc1ccc(CCc2cc(O)cc(O)c2C(=O)O)cc1,,,CHEMBL1933039,Eur J Med Chem,2012.0,,CHEMBL1934604,,CHEMBL1934604,,0,http://qudt.org/vocab/unit#Percent,1568637,,1,0,,,Inhibition,%,,,CHEMBL5750,Homo sapiens,Histone acetyltransferase KAT5,9606,,,INH,,UO_0000187,,
,Active,7994868,[],CHEMBL1938110,Inhibition of Tip60-mediated histone H3 acetylation in human HeLa nuclear extracts at 50 uM after 15 mins by ELISA,B,,,BAO_0000201,BAO_0000357,single protein format,C=CC/C=C\C/C=C\CCCCCCCc1cccc(O)c1C(=O)O,,,CHEMBL1933039,Eur J Med Chem,2012.0,,CHEMBL455368,ANACARDIC ACID,CHEMBL455368,,0,http://qudt.org/vocab/unit#Percent,1568638,,1,0,,,Inhibition,%,,,CHEMBL5750,Homo sapiens,Histone acetyltransferase KAT5,9606,,,INH,,UO_0000187,,
,Active,7994869,[],CHEMBL1938110,Inhibition of Tip60-mediated histone H3 acetylation in human HeLa nuclear extracts at 50 uM after 15 mins by ELISA,B,,,BAO_0000201,BAO_0000357,single protein format,CCCCCCCCCCc1cccc(O)c1C(=O)O,,,CHEMBL1933039,Eur J Med Chem,2012.0,,CHEMBL416038,,CHEMBL416038,,0,http://qudt.org/vocab/unit#Percent,1568639,,1,0,,,Inhibition,%,,,CHEMBL5750,Homo sapiens,Histone acetyltransferase KAT5,9606,,,INH,,UO_0000187,,
,Active,7994870,[],CHEMBL1938110,Inhibition of Tip60-mediated histone H3 acetylation in human HeLa nuclear extracts at 50 uM after 15 mins by ELISA,B,,,BAO_0000201,BAO_0000357,single protein format,CCCCCCCCCCCCCCCc1cc(O)cc(O)c1C(=O)O,,,CHEMBL1933039,Eur J Med Chem,2012.0,,CHEMBL1214672,,CHEMBL1214672,,0,http://qudt.org/vocab/unit#Percent,1568640,,1,0,,,Inhibition,%,,,CHEMBL5750,Homo sapiens,Histone acetyltransferase KAT5,9606,,,INH,,UO_0000187,,
,Active,7994871,[],CHEMBL1938110,Inhibition of Tip60-mediated histone H3 acetylation in human HeLa nuclear extracts at 50 uM after 15 mins by ELISA,B,,,BAO_0000201,BAO_0000357,single protein format,CCCCCCCc1ccc(CCc2cccc(O)c2C(=O)O)cc1,,,CHEMBL1933039,Eur J Med Chem,2012.0,,CHEMBL1215739,,CHEMBL1215739,,0,http://qudt.org/vocab/unit#Percent,1568642,,1,0,,,Inhibition,%,,,CHEMBL5750,Homo sapiens,Histone acetyltransferase KAT5,9606,,,INH,,UO_0000187,,
,Active,7994872,[],CHEMBL1938111,Inhibition of Tip60-mediated histone H4 acetylation in human HeLa nuclear extracts at 50 uM after 15 mins by ELISA,B,,,BAO_0000201,BAO_0000357,single protein format,C=CC/C=C\C/C=C\CCCCCCCc1cccc(O)c1C(=O)O,,,CHEMBL1933039,Eur J Med Chem,2012.0,,CHEMBL455368,ANACARDIC ACID,CHEMBL455368,,0,http://qudt.org/vocab/unit#Percent,1568638,,1,0,,,Inhibition,%,,,CHEMBL5750,Homo sapiens,Histone acetyltransferase KAT5,9606,,,INH,,UO_0000187,,
,Active,7994873,[],CHEMBL1938111,Inhibition of Tip60-mediated histone H4 acetylation in human HeLa nuclear extracts at 50 uM after 15 mins by ELISA,B,,,BAO_0000201,BAO_0000357,single protein format,CCCCCCCCCCc1cccc(O)c1C(=O)O,,,CHEMBL1933039,Eur J Med Chem,2012.0,,CHEMBL416038,,CHEMBL416038,,0,http://qudt.org/vocab/unit#Percent,1568639,,1,0,,,Inhibition,%,,,CHEMBL5750,Homo sapiens,Histone acetyltransferase KAT5,9606,,,INH,,UO_0000187,,
,Active,7994874,[],CHEMBL1938111,Inhibition of Tip60-mediated histone H4 acetylation in human HeLa nuclear extracts at 50 uM after 15 mins by ELISA,B,,,BAO_0000201,BAO_0000357,single protein format,CCCCCOc1ccc(/C=C\c2cccc(O)c2C(=O)O)cc1,,,CHEMBL1933039,Eur J Med Chem,2012.0,,CHEMBL1214674,,CHEMBL1214674,,0,http://qudt.org/vocab/unit#Percent,1568643,,1,0,,,Inhibition,%,,,CHEMBL5750,Homo sapiens,Histone acetyltransferase KAT5,9606,,,INH,,UO_0000187,,
,Active,7994875,[],CHEMBL1938111,Inhibition of Tip60-mediated histone H4 acetylation in human HeLa nuclear extracts at 50 uM after 15 mins by ELISA,B,,,BAO_0000201,BAO_0000357,single protein format,CCCCCOc1ccc(CCc2cccc(O)c2C(=O)O)cc1,,,CHEMBL1933039,Eur J Med Chem,2012.0,,CHEMBL1215740,,CHEMBL1215740,,0,http://qudt.org/vocab/unit#Percent,1568644,,1,0,,,Inhibition,%,,,CHEMBL5750,Homo sapiens,Histone acetyltransferase KAT5,9606,,,INH,,UO_0000187,,
,Active,7994876,[],CHEMBL1938111,Inhibition of Tip60-mediated histone H4 acetylation in human HeLa nuclear extracts at 50 uM after 15 mins by ELISA,B,,,BAO_0000201,BAO_0000357,single protein format,CCCCCCCCCCCCCCOc1ccc(CCc2cccc(O)c2C(=O)O)cc1,,,CHEMBL1933039,Eur J Med Chem,2012.0,,CHEMBL1934605,,CHEMBL1934605,,0,http://qudt.org/vocab/unit#Percent,1568645,,1,0,,,Inhibition,%,,,CHEMBL5750,Homo sapiens,Histone acetyltransferase KAT5,9606,,,INH,,UO_0000187,,
,,7994881,[],CHEMBL1938114,Inhibition of Tip60-mediated histone H4 acetylation in human HeLa nuclear extracts at 200 uM after 15 mins by ELISA,B,,,BAO_0000201,BAO_0000357,single protein format,CC(C)CCCC(C)CCOc1ccc(CCc2cccc(O)c2C(=O)O)cc1,,,CHEMBL1933039,Eur J Med Chem,2012.0,,CHEMBL1934597,,CHEMBL1934597,,0,http://qudt.org/vocab/unit#Percent,1568630,>,1,1,>,,Inhibition,%,,50.0,CHEMBL5750,Homo sapiens,Histone acetyltransferase KAT5,9606,,,INH,%,UO_0000187,,50.0
,,7994882,[],CHEMBL1938114,Inhibition of Tip60-mediated histone H4 acetylation in human HeLa nuclear extracts at 200 uM after 15 mins by ELISA,B,,,BAO_0000201,BAO_0000357,single protein format,CCCCCOc1ccc(CCc2cccc(O)c2C(=O)O)cc1C(C)=O,,,CHEMBL1933039,Eur J Med Chem,2012.0,,CHEMBL1934599,,CHEMBL1934599,,0,http://qudt.org/vocab/unit#Percent,1568632,>,1,1,>,,Inhibition,%,,50.0,CHEMBL5750,Homo sapiens,Histone acetyltransferase KAT5,9606,,,INH,%,UO_0000187,,50.0
,,7994883,[],CHEMBL1938114,Inhibition of Tip60-mediated histone H4 acetylation in human HeLa nuclear extracts at 200 uM after 15 mins by ELISA,B,,,BAO_0000201,BAO_0000357,single protein format,CCCCCCCOc1ccc(CCc2cccc(O)c2C(=O)O)cc1C(C)=O,,,CHEMBL1933039,Eur J Med Chem,2012.0,,CHEMBL1934601,,CHEMBL1934601,,0,http://qudt.org/vocab/unit#Percent,1568634,>,1,1,>,,Inhibition,%,,50.0,CHEMBL5750,Homo sapiens,Histone acetyltransferase KAT5,9606,,,INH,%,UO_0000187,,50.0
,,7994884,[],CHEMBL1938114,Inhibition of Tip60-mediated histone H4 acetylation in human HeLa nuclear extracts at 200 uM after 15 mins by ELISA,B,,,BAO_0000201,BAO_0000357,single protein format,CCCCCCCCCCCCCC#Cc1ccccc1C(=O)OC,,,CHEMBL1933039,Eur J Med Chem,2012.0,,CHEMBL1934602,,CHEMBL1934602,,0,http://qudt.org/vocab/unit#Percent,1568635,>,1,1,>,,Inhibition,%,,50.0,CHEMBL5750,Homo sapiens,Histone acetyltransferase KAT5,9606,,,INH,%,UO_0000187,,50.0
,,7994885,[],CHEMBL1938114,Inhibition of Tip60-mediated histone H4 acetylation in human HeLa nuclear extracts at 200 uM after 15 mins by ELISA,B,,,BAO_0000201,BAO_0000357,single protein format,CCCCCCCCCCCCCCCc1ccccc1C(=O)O,,,CHEMBL1933039,Eur J Med Chem,2012.0,,CHEMBL1934603,,CHEMBL1934603,,0,http://qudt.org/vocab/unit#Percent,1568636,>,1,1,>,,Inhibition,%,,50.0,CHEMBL5750,Homo sapiens,Histone acetyltransferase KAT5,9606,,,INH,%,UO_0000187,,50.0
,,7994886,[],CHEMBL1938114,Inhibition of Tip60-mediated histone H4 acetylation in human HeLa nuclear extracts at 200 uM after 15 mins by ELISA,B,,,BAO_0000201,BAO_0000357,single protein format,C=CC/C=C\C/C=C\CCCCCCCc1cccc(O)c1C(=O)O,,,CHEMBL1933039,Eur J Med Chem,2012.0,,CHEMBL455368,ANACARDIC ACID,CHEMBL455368,,0,http://qudt.org/vocab/unit#Percent,1568638,>,1,1,>,,Inhibition,%,,50.0,CHEMBL5750,Homo sapiens,Histone acetyltransferase KAT5,9606,,,INH,%,UO_0000187,,50.0
,,7994887,[],CHEMBL1938114,Inhibition of Tip60-mediated histone H4 acetylation in human HeLa nuclear extracts at 200 uM after 15 mins by ELISA,B,,,BAO_0000201,BAO_0000357,single protein format,CCCCCCCCCCc1cccc(O)c1C(=O)O,,,CHEMBL1933039,Eur J Med Chem,2012.0,,CHEMBL416038,,CHEMBL416038,,0,http://qudt.org/vocab/unit#Percent,1568639,>,1,1,>,,Inhibition,%,,50.0,CHEMBL5750,Homo sapiens,Histone acetyltransferase KAT5,9606,,,INH,%,UO_0000187,,50.0
,,7994888,[],CHEMBL1938114,Inhibition of Tip60-mediated histone H4 acetylation in human HeLa nuclear extracts at 200 uM after 15 mins by ELISA,B,,,BAO_0000201,BAO_0000357,single protein format,CCCCCCCCCCCCCCCc1cc(O)cc(O)c1C(=O)O,,,CHEMBL1933039,Eur J Med Chem,2012.0,,CHEMBL1214672,,CHEMBL1214672,,0,http://qudt.org/vocab/unit#Percent,1568640,>,1,1,>,,Inhibition,%,,50.0,CHEMBL5750,Homo sapiens,Histone acetyltransferase KAT5,9606,,,INH,%,UO_0000187,,50.0
,,7994889,[],CHEMBL1938114,Inhibition of Tip60-mediated histone H4 acetylation in human HeLa nuclear extracts at 200 uM after 15 mins by ELISA,B,,,BAO_0000201,BAO_0000357,single protein format,CCCCCCCCCCc1cc(O)cc(O)c1C(=O)O,,,CHEMBL1933039,Eur J Med Chem,2012.0,,CHEMBL1214673,,CHEMBL1214673,,0,http://qudt.org/vocab/unit#Percent,1568641,>,1,1,>,,Inhibition,%,,50.0,CHEMBL5750,Homo sapiens,Histone acetyltransferase KAT5,9606,,,INH,%,UO_0000187,,50.0
,,7994890,[],CHEMBL1938114,Inhibition of Tip60-mediated histone H4 acetylation in human HeLa nuclear extracts at 200 uM after 15 mins by ELISA,B,,,BAO_0000201,BAO_0000357,single protein format,CCCCCCCc1ccc(CCc2cccc(O)c2C(=O)O)cc1,,,CHEMBL1933039,Eur J Med Chem,2012.0,,CHEMBL1215739,,CHEMBL1215739,,0,http://qudt.org/vocab/unit#Percent,1568642,>,1,1,>,,Inhibition,%,,50.0,CHEMBL5750,Homo sapiens,Histone acetyltransferase KAT5,9606,,,INH,%,UO_0000187,,50.0
,,7994891,[],CHEMBL1938114,Inhibition of Tip60-mediated histone H4 acetylation in human HeLa nuclear extracts at 200 uM after 15 mins by ELISA,B,,,BAO_0000201,BAO_0000357,single protein format,CCCCCOc1ccc(/C=C\c2cccc(O)c2C(=O)O)cc1,,,CHEMBL1933039,Eur J Med Chem,2012.0,,CHEMBL1214674,,CHEMBL1214674,,0,http://qudt.org/vocab/unit#Percent,1568643,>,1,1,>,,Inhibition,%,,50.0,CHEMBL5750,Homo sapiens,Histone acetyltransferase KAT5,9606,,,INH,%,UO_0000187,,50.0
,,7994892,[],CHEMBL1938114,Inhibition of Tip60-mediated histone H4 acetylation in human HeLa nuclear extracts at 200 uM after 15 mins by ELISA,B,,,BAO_0000201,BAO_0000357,single protein format,CCCCCOc1ccc(CCc2cccc(O)c2C(=O)O)cc1,,,CHEMBL1933039,Eur J Med Chem,2012.0,,CHEMBL1215740,,CHEMBL1215740,,0,http://qudt.org/vocab/unit#Percent,1568644,>,1,1,>,,Inhibition,%,,50.0,CHEMBL5750,Homo sapiens,Histone acetyltransferase KAT5,9606,,,INH,%,UO_0000187,,50.0
,,7994893,[],CHEMBL1938114,Inhibition of Tip60-mediated histone H4 acetylation in human HeLa nuclear extracts at 200 uM after 15 mins by ELISA,B,,,BAO_0000201,BAO_0000357,single protein format,CCCCCCCCCCCCCCOc1ccc(CCc2cccc(O)c2C(=O)O)cc1,,,CHEMBL1933039,Eur J Med Chem,2012.0,,CHEMBL1934605,,CHEMBL1934605,,0,http://qudt.org/vocab/unit#Percent,1568645,>,1,1,>,,Inhibition,%,,50.0,CHEMBL5750,Homo sapiens,Histone acetyltransferase KAT5,9606,,,INH,%,UO_0000187,,50.0
,,16507849,[],CHEMBL3778097,Inhibition of recombinant TIP60 (unknown origin) using histone H4 peptide substrate assessed as reduction in NADH formation by spectrophotometric analysis,B,,,BAO_0000190,BAO_0000357,single protein format,O=C(O[C@@H]1Cc2c(O)cc(O)cc2O[C@@H]1c1cc(O)c(O)c(O)c1)c1cc(O)c(O)c(O)c1,,,CHEMBL3774308,J Med Chem,2016.0,"{'bei': '9.06', 'le': '0.17', 'lle': '1.92', 'sei': '2.11'}",CHEMBL297453,EPIGALOCATECHIN GALLATE,CHEMBL297453,4.16,1,http://www.openphacts.org/units/Nanomolar,2762064,=,1,1,=,,IC50,nM,,70000.0,CHEMBL5750,Homo sapiens,Histone acetyltransferase KAT5,9606,,,IC50,uM,UO_0000065,,70.0
,,16507863,[],CHEMBL3779387,Inhibition of TIP60 (unknown origin) expressed in bacterial system using histone substrate at 25 uM after 10 mins by liquid scintillation counting method in presence of [3H]acetyl-CoA relative to control,B,,,BAO_0000201,BAO_0000019,assay format,CCCCCCCCCCCC1=C(O)C(=O)C=C(O)C1=O,,,CHEMBL3774308,J Med Chem,2016.0,,CHEMBL221137,EMBELIN,CHEMBL221137,,0,http://qudt.org/vocab/unit#Percent,2762070,=,1,1,=,,Inhibition,%,,75.0,CHEMBL5750,Homo sapiens,Histone acetyltransferase KAT5,9606,,,INH,%,UO_0000187,,75.0
,,16507883,[],CHEMBL3779402,Inhibition of TIP60 (unknown origin) using N-terminal histone H3 substrate at 100 uM by fluorescence assay in presence of [3H]acetyl-CoA relative to control,B,,,BAO_0000201,BAO_0000357,single protein format,COc1ccc(S(=O)(=O)ON=C2C=C(C)C(=O)C(C)=C2)cc1,,,CHEMBL3774308,J Med Chem,2016.0,,CHEMBL3775671,,CHEMBL3775671,,0,http://qudt.org/vocab/unit#Percent,2762076,=,1,1,=,,Inhibition,%,,2.0,CHEMBL5750,Homo sapiens,Histone acetyltransferase KAT5,9606,,,INH,%,UO_0000187,,2.0
,,16507889,[],CHEMBL3779611,Inhibition of full length TIP60 (unknown origin) expressed in Escherichia coli using N-terminal histone H4-20 peptide substrate incubated for 10 mins by liquid scintillation counting method in presence of [3H]acetyl-CoA,B,,,BAO_0000190,BAO_0000019,assay format,COc1ccc(C2CC(c3cccs3)=NN2c2nc(-c3ccc(N4C(=O)c5ccccc5C4=O)cc3)cs2)cc1OC,Outside typical range,"Values for this activity type are unusually large/small, so may not be accurate",CHEMBL3774308,J Med Chem,2016.0,,CHEMBL3775244,,CHEMBL3775244,,0,http://www.openphacts.org/units/Nanomolar,2762077,=,1,1,=,,IC50,nM,,149000.0,CHEMBL5750,Homo sapiens,Histone acetyltransferase KAT5,9606,,,IC50,uM,UO_0000065,,149.0
,,16507891,[],CHEMBL3779612,Inhibition of recombinant N-terminal His-tagged TIP60 (unknown origin) expressed in baculovirus-infected insect cell system using histone substrate incubated for 10 mins by radiometric filter binding assay in presence of [3H]acetyl-CoA,B,,,BAO_0000190,BAO_0000019,assay format,c1cc(SSc2ccns2)sn1,,,CHEMBL3774308,J Med Chem,2016.0,"{'bei': '24.52', 'le': '0.65', 'lle': '2.30', 'sei': '22.11'}",CHEMBL3774630,,CHEMBL3774630,5.70,1,http://www.openphacts.org/units/Nanomolar,2762160,=,1,1,=,,IC50,nM,,2000.0,CHEMBL5750,Homo sapiens,Histone acetyltransferase KAT5,9606,,,IC50,uM,UO_0000065,,2.0
,,16507894,[],CHEMBL3779615,Inhibition of recombinant human GFP-tagged TIP60 expressed in chicken embryo DT40 cells using histone substrate at 500 uM incubated for 1 hr followed by ionizing radiation treatment by immunosorbent gel assay relative to control,B,,,BAO_0000201,BAO_0000219,cell-based format,O=C(O)Cn1nnc(-c2ccc(CN(CCCCOc3ccc(CN4CCCC4)cc3)CCc3ccccc3)cc2)n1,,,CHEMBL3774308,J Med Chem,2016.0,,CHEMBL3775396,,CHEMBL3775396,,1,http://qudt.org/vocab/unit#Percent,2762161,=,1,1,=,,Inhibition,%,,60.0,CHEMBL5750,Homo sapiens,Histone acetyltransferase KAT5,9606,,,INH,%,UO_0000187,,60.0
,,18777027,[],CHEMBL4269221,Inhibition of Tip60 (unknown origin),B,,,BAO_0000190,BAO_0000357,single protein format,CCCCCCCCCCCCCCCc1cccc(O)c1C(=O)O,,,CHEMBL4265983,Bioorg Med Chem,2018.0,"{'bei': '12.03', 'le': '0.23', 'lle': '-2.53', 'sei': '7.29'}",CHEMBL33778,ANACARDIC ACID,CHEMBL33778,4.19,0,http://www.openphacts.org/units/Nanomolar,3119902,=,1,1,=,,IC50,nM,,64000.0,CHEMBL5750,Homo sapiens,Histone acetyltransferase KAT5,9606,,,IC50,uM,UO_0000065,,64.0
,,19272189,[],CHEMBL4407057,Displacement of [3H]-acetyl-CoA from recombinant Tip60 (unknown origin) by scintillation counting analysis,B,,,BAO_0000190,BAO_0000357,single protein format,c1cc(SSc2ccns2)sn1,,,CHEMBL4406797,Eur J Med Chem,2019.0,"{'bei': '24.52', 'le': '0.65', 'lle': '2.30', 'sei': '22.11'}",CHEMBL3774630,,CHEMBL3774630,5.70,0,http://www.openphacts.org/units/Nanomolar,3218122,=,1,1,=,,IC50,nM,,2000.0,CHEMBL5750,Homo sapiens,Histone acetyltransferase KAT5,9606,,,IC50,uM,UO_0000065,,2.0
,,19272191,[],CHEMBL4407044,Inhibition of Tip60 (unknown origin) at 500 uM relative to control,B,,,BAO_0000201,BAO_0000357,single protein format,O=C(O)Cn1nnc(-c2ccc(CN(CCCCOc3ccc(CN4CCCC4)cc3)CCc3ccccc3)cc2)n1,,,CHEMBL4406797,Eur J Med Chem,2019.0,,CHEMBL3775396,,CHEMBL3775396,,0,http://qudt.org/vocab/unit#Percent,3218128,=,1,1,=,,Inhibition,%,,60.0,CHEMBL5750,Homo sapiens,Histone acetyltransferase KAT5,9606,,,INH,%,UO_0000187,,60.0
,,19272232,[],CHEMBL4407075,Inhibition of Tip60 (unknown origin),B,,,BAO_0000190,BAO_0000357,single protein format,O=C(O[C@@H]1Cc2c(O)cc(O)cc2O[C@@H]1c1cc(O)c(O)c(O)c1)c1cc(O)c(O)c(O)c1,,,CHEMBL4406797,Eur J Med Chem,2019.0,"{'bei': '9.06', 'le': '0.17', 'lle': '1.92', 'sei': '2.11'}",CHEMBL297453,EPIGALOCATECHIN GALLATE,CHEMBL297453,4.16,0,http://www.openphacts.org/units/Nanomolar,3218102,=,1,1,=,,IC50,nM,,70000.0,CHEMBL5750,Homo sapiens,Histone acetyltransferase KAT5,9606,,,IC50,uM,UO_0000065,,70.0
,,19272235,[],CHEMBL4407078,Inhibition of Tip60 (unknown origin) using [3H]-acetyl-CoA as substrate preincubated for 10 mins followed by substrate addition measured after 10 mins by liquid scintillation counting analysis,B,,,BAO_0000190,BAO_0000357,single protein format,c1cc(SSc2ccns2)sn1,,,CHEMBL4406797,Eur J Med Chem,2019.0,"{'bei': '24.52', 'le': '0.65', 'lle': '2.30', 'sei': '22.11'}",CHEMBL3774630,,CHEMBL3774630,5.70,0,http://www.openphacts.org/units/Nanomolar,3218122,=,1,1,=,,IC50,nM,,2000.0,CHEMBL5750,Homo sapiens,Histone acetyltransferase KAT5,9606,,,IC50,uM,UO_0000065,,2.0
,,19272240,[],CHEMBL4407083,Displacement of [3H]-acetyl-CoA from recombinant Tip60 (unknown origin) at 150 uM using H4-20 as substrate after 5 mins by scintillation counting analysis relative to control,B,,,BAO_0000201,BAO_0000357,single protein format,COc1ccc(C2CC(c3cccs3)=NN2c2nc(-c3ccc(N4C(=O)c5ccccc5C4=O)cc3)cs2)cc1OC,,,CHEMBL4406797,Eur J Med Chem,2019.0,,CHEMBL3775244,,CHEMBL3775244,,0,http://qudt.org/vocab/unit#Percent,3218124,=,1,1,=,,Inhibition,%,,50.0,CHEMBL5750,Homo sapiens,Histone acetyltransferase KAT5,9606,,,INH,%,UO_0000187,,50.0
,,19272250,[],CHEMBL4407093,Inhibition of KAT5 (unknown origin),B,,,BAO_0000190,BAO_0000357,single protein format,O=C(NNS(=O)(=O)c1ccc2ccccc2c1)c1ccccc1F,Outside typical range,"Values for this activity type are unusually large/small, so may not be accurate",CHEMBL4406797,Eur J Med Chem,2019.0,,CHEMBL4470091,,CHEMBL4470091,,0,http://www.openphacts.org/units/Nanomolar,3218131,>,1,1,>,,IC50,nM,,200000.0,CHEMBL5750,Homo sapiens,Histone acetyltransferase KAT5,9606,,,IC50,uM,UO_0000065,,200.0
,Not Active,20665263,[],CHEMBL4619275,Inhibition of TIP60 (unknown origin),B,,,BAO_0000201,BAO_0000357,single protein format,C[C@H](CN[C@@H](C(=O)Nc1ccc(-c2cnn(C)c2)cn1)c1ccccc1)c1ccc(C#N)cc1,,,CHEMBL4616714,ACS Med Chem Lett,2020.0,,CHEMBL4641354,,CHEMBL4641354,,0,http://qudt.org/vocab/unit#Percent,3479662,,1,0,,,Inhibition,%,,,CHEMBL5750,Homo sapiens,Histone acetyltransferase KAT5,9606,,,INH,,UO_0000187,,
,Not Active,23377696,"[{'comments': None, 'relation': None, 'result_flag': 0, 'standard_relation': None, 'standard_text_value': None, 'standard_type': 'Compound concentration', 'standard_units': 'µM', 'standard_value': '10.0', 'text_value': None, 'type': 'Compound concentration', 'units': 'µM', 'value': '10.0'}]",CHEMBL4886592,TIP60 (HAT) CEREP ligand profiling,B,,,BAO_0000201,BAO_0000357,single protein format,CNC(=O)Nc1ccc2c(c1)CC[C@@]21OC(=O)N(CC(=O)N(Cc2ccc(F)cc2)[C@@H](C)C(F)(F)F)C1=O,,,CHEMBL4507259,,2021.0,,CHEMBL4282264,A-485,CHEMBL4282264,,0,http://qudt.org/vocab/unit#Percent,3359647,,54,1,,,Inhibition,%,,-1.9,CHEMBL5750,Homo sapiens,Histone acetyltransferase KAT5,9606,,,% inhibition,%,UO_0000187,,-1.9
,,24342485,[],CHEMBL5029729,Inhibition of TIP60 (unknown origin),B,,,BAO_0000190,BAO_0000357,single protein format,COC1=C(Cc2ccc(-c3cn(C)cc(C(=O)O)c3=O)s2)C(=O)N(c2ccc3ccccc3c2)C1,,,CHEMBL5029162,Bioorg Med Chem Lett,2021.0,,CHEMBL5080324,,CHEMBL5080324,,0,http://www.openphacts.org/units/Nanomolar,3771182,>,1,1,>,,IC50,nM,,50000.0,CHEMBL5750,Homo sapiens,Histone acetyltransferase KAT5,9606,,,IC50,uM,UO_0000065,,50.0
,,24342486,[],CHEMBL5029729,Inhibition of TIP60 (unknown origin),B,,,BAO_0000190,BAO_0000357,single protein format,COC1=C(Cc2ccc(-c3cn(Cc4ccccc4)cc(C(=O)O)c3=O)s2)C(=O)N(c2ccc3ccccc3c2)C1,,,CHEMBL5029162,Bioorg Med Chem Lett,2021.0,,CHEMBL5088992,,CHEMBL5088992,,0,http://www.openphacts.org/units/Nanomolar,3771185,>,1,1,>,,IC50,nM,,50000.0,CHEMBL5750,Homo sapiens,Histone acetyltransferase KAT5,9606,,,IC50,uM,UO_0000065,,50.0
,,24849004,"[{'comments': None, 'relation': '=', 'result_flag': 0, 'standard_relation': '=', 'standard_text_value': None, 'standard_type': 'TIME', 'standard_units': 'hr', 'standard_value': '1.0', 'text_value': None, 'type': 'Time', 'units': 'hrs', 'value': '1.0'}]",CHEMBL5147377,Inhibition of GST tagged human TIP60 expressed in Sf9 cells using biotinylated H4 (1 to 25)-GSGSK peptide as substrate incubated for 1 hr by AlphaLISA assay,B,,,BAO_0000190,BAO_0000219,cell-based format,COc1ccc(C2(C(=O)N3CS(=O)(=O)C[C@@H]3C(=O)Nc3cccc4[nH]ncc34)CCCC2)cc1,,,CHEMBL5143662,Bioorg Med Chem Lett,2022.0,,CHEMBL5193672,,CHEMBL5193672,,0,http://www.openphacts.org/units/Nanomolar,3881761,>,1,1,>,,IC50,nM,,50000.0,CHEMBL5750,Homo sapiens,Histone acetyltransferase KAT5,9606,,,IC50,uM,UO_0000065,,50.0
"{'action_type': 'INHIBITOR', 'description': 'Negatively effects (inhibits) the normal functioning of the protein e.g., prevention of enzymatic reaction or activation of downstream pathway', 'parent_type': 'NEGATIVE MODULATOR'}",,24849005,"[{'comments': None, 'relation': '=', 'result_flag': 0, 'standard_relation': '=', 'standard_text_value': None, 'standard_type': 'TIME', 'standard_units': 'hr', 'standard_value': '1.0', 'text_value': None, 'type': 'Time', 'units': 'hrs', 'value': '1.0'}]",CHEMBL5147377,Inhibition of GST tagged human TIP60 expressed in Sf9 cells using biotinylated H4 (1 to 25)-GSGSK peptide as substrate incubated for 1 hr by AlphaLISA assay,B,,,BAO_0000190,BAO_0000219,cell-based format,CC1=NN(c2ccc(C(=O)O)cc2)C(=O)/C1=C\c1ccc(-c2cc(C)c(C)cc2[N+](=O)[O-])o1,,,CHEMBL5143662,Bioorg Med Chem Lett,2022.0,"{'bei': '9.94', 'le': '0.18', 'lle': '-0.55', 'sei': '3.51'}",CHEMBL1797936,,CHEMBL1797936,4.43,0,http://www.openphacts.org/units/Nanomolar,3881748,=,1,1,=,,IC50,nM,,37200.0,CHEMBL5750,Homo sapiens,Histone acetyltransferase KAT5,9606,,,IC50,uM,UO_0000065,,37.2
,,24957706,"[{'comments': None, 'relation': None, 'result_flag': 0, 'standard_relation': None, 'standard_text_value': 'IC50 = 6.3 nM (0.4 µM [Ac-CoA]), https://www.sgc-ffm.uni-frankfurt.de/#!specificprobeoverview/WM-1119;', 'standard_type': 'Selectivity Comments', 'standard_units': None, 'standard_value': None, 'text_value': 'IC50 = 6.3 nM (0.4 µM [Ac-CoA]), https://www.sgc-ffm.uni-frankfurt.de/#!specificprobeoverview/WM-1119;', 'type': 'Selectivity Comments', 'units': None, 'value': None}, {'comments': None, 'relation': '=', 'result_flag': 0, 'standard_relation': '=', 'standard_text_value': None, 'standard_type': 'Selectivity number of off-targets', 'standard_units': None, 'standard_value': '0.0', 'text_value': None, 'type': 'Selectivity number of off-targets', 'units': None, 'value': '0.0'}, {'comments': None, 'relation': '=', 'result_flag': 0, 'standard_relation': '=', 'standard_text_value': None, 'standard_type': 'Selectivity number of targets', 'standard_units': None, 'standard_value': '6.0', 'text_value': None, 'type': 'Selectivity number of targets', 'units': None, 'value': '6.0'}, {'comments': None, 'relation': None, 'result_flag': 0, 'standard_relation': None, 'standard_text_value': 'in vitro (> 200-fold selective on all other HATs tested)', 'standard_type': 'Selectivity Remarks', 'standard_units': None, 'standard_value': None, 'text_value': 'in vitro (> 200-fold selective on all other HATs tested)', 'type': 'Selectivity Remarks', 'units': None, 'value': None}, {'comments': None, 'relation': None, 'result_flag': 0, 'standard_relation': None, 'standard_text_value': 'https://www.sgc-ffm.uni-frankfurt.de/#!specificprobeoverview/WM-1119', 'standard_type': 'Selectivity Source Knowledge', 'standard_units': None, 'standard_value': None, 'text_value': 'https://www.sgc-ffm.uni-frankfurt.de/#!specificprobeoverview/WM-1119', 'type': 'Selectivity Source Knowledge', 'units': None, 'value': None}]",CHEMBL5214072,Selectivity interaction (HAT panel) EUB0000329a KAT5,B,,,BAO_0000190,BAO_0000357,single protein format,O=C(NNS(=O)(=O)c1ccccc1F)c1cc(F)cc(-c2ccccn2)c1,,,CHEMBL5169023,,,,CHEMBL4456585,WM-1119,CHEMBL4456585,,0,,3898462,=,65,0,=,,IC50,µM,,8.7,CHEMBL5750,Homo sapiens,Histone acetyltransferase KAT5,9606,,,IC50,µM,,,8.7
,NA,24970458,"[{'comments': None, 'relation': '=', 'result_flag': 0, 'standard_relation': '=', 'standard_text_value': None, 'standard_type': 'Dose', 'standard_units': 'microM', 'standard_value': '1.0', 'text_value': None, 'type': 'Dose', 'units': 'microM', 'value': '1.0'}]",CHEMBL5218024,Inhibition of KAT5 (unknown origin) using Histone H2A substrate at 1 uM relative to control,B,,,BAO_0000201,BAO_0000357,single protein format,O=C(Nc1ccc2[nH]ncc2n1)[C@H]1C[C@@H](F)CN1C(=O)C1(c2ccc(Cl)cc2)CC(F)(F)C1,,,CHEMBL5214994,J Med Chem,2022.0,,CHEMBL5220994,,CHEMBL5220994,,0,http://qudt.org/vocab/unit#Percent,3901711,,1,0,,,Inhibition,%,,,CHEMBL5750,Homo sapiens,Histone acetyltransferase KAT5,9606,,,INH,,UO_0000187,,
